Counter-Strike: Global Offensive,"658,386","937,944","413,326,527"
Dota 2,"557,307","708,924","326,162,892"
Lost Ark,"493,470","634,056","312,928,446"
PUBG: BATTLEGROUNDS,"306,491","524,023","158,597,699"
Apex Legends,"250,699","411,183","140,783,939"
Grand Theft Auto V,"113,268","138,240","60,943,722"
ELDEN RING,"99,774","281,199","102,426,787"
Path of Exile,"78,803","131,010","8,414,756"
Rust,"78,315","133,789","57,495,865"
Wallpaper Engine,"75,136","85,798","41,501,197"
Team Fortress 2,"70,262","94,815","52,835,864"
NARAKA: BLADEPOINT,"69,125","136,888","38,294,647"
Football Manager 2022,"60,923","74,714","35,044,025"
Warframe,"60,649","87,532","35,418,140"
ARK: Survival Evolved,"58,032","83,133","35,792,671"
MIR4,"54,952","62,099","40,901,331"
Yu-Gi-Oh! Master Duel,"53,237","102,062","26,212,688"
War Thunder,"52,202","68,847","30,032,527"
Dread Hunger,"51,591","106,288","30,204,493"
Sid Meier's Civilization VI,"48,023","61,740","27,772,003"
Destiny 2,"46,362","93,881","40,231,821"
FIFA 22,"45,781","71,530","27,913,699"
Tom Clancy's Rainbow Six Siege,"45,522","82,567","29,706,870"
The Forest,"44,098","50,514","5,300,737"
NBA 2K22,"41,826","46,628","15,215,294"
Stellaris,"39,974","48,237","12,184,927"
Hearts of Iron IV,"38,734","50,571","22,232,214"
Terraria,"35,123","43,281","19,735,905"
DayZ,"33,346","58,240","22,960,601"
Unturned,"32,208","50,004","23,998,560"
PAYDAY 2,"31,904","54,236","23,027,969"
Dead by Daylight,"31,470","44,043","21,734,402"
Euro Truck Simulator 2,"30,580","39,922","14,886,515"
Stardew Valley,"28,509","38,208","19,449,362"
World of Tanks Blitz,"27,860","34,787","12,092,405"
Red Dead Redemption 2,"27,565","29,882","11,851,572"
Garry's Mod,"27,298","38,988","16,316,031"
Don't Starve Together,"26,237","39,965","13,538,686"
7 Days to Die,"25,783","44,126","18,031,293"
Vampire Survivors,"24,664","68,805","23,972,204"
Monster Hunter: World,"23,787","33,243","11,053,593"
Farming Simulator 22,"23,401","37,890","12,061,975"
MONSTER HUNTER RISE,"23,332","31,601","8,397,373"
Spacewar,"22,435","30,434","12,040,290"
RimWorld,"21,295","25,658","13,306,142"
VRChat,"21,230","38,176","16,277,585"
Cities: Skylines,"20,910","26,450","11,877,747"
The Witcher 3: Wild Hunt,"20,477","31,716","11,618,062"
Valheim,"19,968","34,436","13,803,926"
Europa Universalis IV,"19,860","27,640","12,622,950"
tModLoader,"19,788","24,544","11,786,352"
FINAL FANTASY XIV Online,"19,694","49,452","21,201,549"
Rocket League,"18,481","45,648","18,624,702"
Age of Empires II: Definitive Edition,"17,931","29,267","11,799,348"
The Elder Scrolls V: Skyrim Special Edition,"17,606","25,601","12,067,857"
Bloons TD 6,"17,435","24,136","9,695,887"
The Sims™ 4,"17,251","21,679","9,787,155"
Sid Meier's Civilization V,"17,222","24,886","12,166,674"
Mount & Blade II: Bannerlord,"16,984","23,098","10,157,789"
Black Desert,"16,331","23,715","11,698,262"
雀魂麻将(MahjongSoul),"16,163","34,673","8,655,322"
New World,"15,943","31,680","13,867,775"
Project Zomboid,"14,932","21,369","10,623,673"
The Binding of Isaac: Rebirth,"14,741","20,463","9,927,997"
Crusader Kings III,"14,684","21,804","9,808,846"
SCUM,"14,644","22,557","8,921,291"
Fallout 4,"14,561","20,209","9,827,474"
The Elder Scrolls Online,"14,534","26,810","11,462,457"
Factorio,"14,421","20,112","8,999,782"
No Man's Sky,"14,398","31,870","12,374,008"
Left 4 Dead 2,"14,379","26,187","11,292,672"
Sea of Thieves,"14,149","35,219","10,868,054"
Cyberpunk 2077,"13,345","24,052","9,449,693"
Hunt: Showdown,"13,086","25,565","9,693,153"
Arma 3,"13,045","27,328","9,760,144"
Vampire: The Masquerade - Bloodhunt,"13,017","29,008","7,210,301"
Total War: THREE KINGDOMS,"12,657","13,014","4,197,946"
Football Manager 2021,"12,616","14,698","7,045,455"
Hollow Knight,"12,589","20,169","5,437,470"
Slay the Spire,"12,323","18,918","7,244,420"
Battlefield™ V,"12,252","22,844","6,097,913"
Rogue Legacy 2,"11,483","22,811","5,462,329"
Deep Rock Galactic,"11,462","30,710","9,494,112"
Satisfactory,"11,446","18,259","7,473,640"
Total War: WARHAMMER II,"10,386","13,230","5,960,429"
World of Warships,"10,324","13,345","5,522,419"
Soundpad,"10,283","16,547","8,103,747"
Brawlhalla,"10,235","23,316","9,807,405"
Counter-Strike,"9,797","15,220","6,672,421"
Conan Exiles,"9,666","13,431","5,769,271"
Eternal Return,"9,310","13,019","3,217,099"
House Flipper,"9,273","11,875","2,318,920"
Phasmophobia,"9,254","25,349","8,870,277"
Raft,"8,982","13,074","4,734,628"
Squad,"8,732","26,032","7,768,867"
Forza Horizon 5,"8,699","13,627","5,454,790"
F1 2021,"8,547","19,944","5,722,642"
Oxygen Not Included,"8,546","10,108","4,674,429"
Cookie Clicker,"8,358","9,381","5,984,782"
Dying Light,"8,250","12,583","3,676,558"
Dyson Sphere Program,"8,237","11,601","4,543,681"
Titanfall® 2,"8,112","8,693","831,235"
Geometry Dash,"8,007","13,405","5,496,624"
Forza Horizon 4,"7,737","20,449","4,475,552"
Dying Light 2,"7,558","12,857","4,374,974"
Company of Heroes 2,"7,509","10,091","4,305,300"
Age of Empires IV,"7,498","12,185","4,882,213"
Risk of Rain 2,"7,474","17,890","7,923,821"
Subnautica,"7,296","7,670","1,857,922"
Space Engineers,"7,231","12,138","4,734,392"
SMITE,"7,151","20,076","8,491,741"
Battlefield 1 ™,"7,107","9,634","2,842,615"
Northgard,"6,955","7,930","2,144,082"
Russian Fishing 4,"6,927","7,802","3,182,172"
BeamNG.drive,"6,871","10,543","4,444,703"
Paladins,"6,839","11,812","4,823,638"
Stumble Guys,"6,837","20,576","6,552,604"
Transport Fever 2,"6,778","7,207","2,136,037"
People Playground,"6,706","13,019","4,739,070"
Assetto Corsa,"6,673","11,999","4,571,118"
Fallout 76,"6,659","9,502","3,947,471"
"Warhammer 40,000: Chaos Gate - Daemonhunters","6,631","12,395","1,345,472"
Total War: WARHAMMER III,"6,601","15,572","5,405,610"
Poppy Playtime,"6,592","13,811","1,626,318"
Farming Simulator 19,"6,540","9,602","3,607,758"
Microsoft Flight Simulator,"6,456","8,262","3,670,600"
Shop Titans,"6,377","6,793","3,764,708"
Hell Let Loose,"6,367","11,054","4,370,397"
Fall Guys: Ultimate Knockout,"6,278","17,749","4,895,099"
Divinity: Original Sin 2,"6,082","10,395","4,242,927"
Borderlands 3,"6,057","9,315","3,246,477"
Idle Champions of the Forgotten Realms,"6,051","10,885","4,400,829"
Sekiro™: Shadows Die Twice,"6,032","9,993","3,895,609"
Football Manager 2020,"6,013","7,101","3,447,734"
Total War: ROME II - Emperor Edition,"5,969","7,415","3,267,134"
World of Tanks,"5,807","6,071","2,199,506"
Albion Online,"5,792","9,749","4,504,598"
Blender,"5,770","6,972","3,747,104"
Counter-Strike: Source,"5,728","7,721","3,907,983"
Hydroneer,"5,694","7,594","642,791"
太荒初境,"5,649","34,664","5,226,485"
Plants vs. Zombies: Game of the Year,"5,598","7,363","2,819,266"
Conqueror's Blade,"5,531","11,142","2,760,010"
Aim Lab,"5,483","8,173","3,956,825"
eFootball™ 2022,"5,478","12,399","4,367,907"
Overcooked! 2,"5,397","8,659","1,266,791"
LEGO® Star Wars™: The Skywalker Saga,"5,384","40,600","8,914,831"
Mount & Blade: Warband,"5,220","6,981","2,918,795"
LSPLibrary,"5,200","6,272","2,477,802"
DARK SOULS™ III,"5,165","10,783","3,794,851"
We Were Here Forever,"5,127","8,369","502,650"
eFootball PES 2021 SEASON UPDATE,"5,071","9,060","3,568,432"
Nioh 2 – The Complete Edition,"4,998","7,416","1,937,946"
Among Us,"4,975","15,655","4,530,026"
XCOM 2,"4,914","8,354","3,676,746"
ASTRONEER,"4,880","5,707","1,308,345"
Gunfire Reborn,"4,842","9,292","2,583,584"
小黑盒加速器,"4,805","5,601","1,931,213"
STAR WARS™: The Old Republic™,"4,776","9,067","3,902,851"
Planet Zoo,"4,694","12,342","3,732,822"
It Takes Two,"4,643","12,500","2,345,964"
鬼谷八荒 Tale of Immortal,"4,613","13,803","3,463,020"
American Truck Simulator,"4,571","8,574","3,908,910"
TEKKEN 7,"4,525","5,695","2,480,541"
YoloMouse,"4,463","4,654","2,550,788"
theHunter: Call of the Wild™,"4,458","7,484","2,696,735"
Hades,"4,441","7,417","3,120,169"
They Are Billions,"4,413","5,085","2,140,235"
Dead Cells,"4,373","6,609","2,219,837"
ROMANCE OF THE THREE KINGDOMS XIV,"4,311","4,964","1,767,619"
NGU IDLE,"4,279","5,216","3,249,515"
Age of Empires II (2013),"4,255","5,947","2,842,179"
Melvor Idle,"4,254","4,941","3,018,683"
Subnautica: Below Zero,"4,226","4,514","863,057"
Green Hell,"4,179","5,423","1,789,396"
Grounded,"4,113","5,319","1,772,122"
Core Keeper,"4,062","12,525","3,418,452"
Watch_Dogs 2,"4,041","4,235","426,732"
The Isle,"4,002","5,538","2,637,837"
Assassin's Creed Odyssey,"3,983","6,112","2,332,985"
Elite Dangerous,"3,964","7,618","3,036,891"
SCP: Secret Laboratory,"3,891","4,700","1,978,596"
Total War: MEDIEVAL II - Definitive Edition,"3,758","5,296","2,341,337"
EVE Online,"3,749","5,073","2,654,185"
觅长生,"3,743","4,519","1,525,310"
Grim Dawn,"3,739","5,285","2,199,455"
Halo Infinite,"3,721","21,369","4,583,954"
The Elder Scrolls V: Skyrim,"3,721","5,786","2,424,656"
Kenshi,"3,632","4,261","2,258,824"
Back 4 Blood,"3,487","12,988","3,735,076"
Sniper Elite 4,"3,480","17,294","2,423,850"
Pathfinder: Wrath of the Righteous,"3,466","6,073","2,452,708"
Kerbal Space Program,"3,450","5,542","2,517,818"
VTube Studio,"3,438","5,353","2,162,037"
For Honor,"3,434","4,373","2,118,557"
Legends of Idleon MMO,"3,383","5,052","2,660,617"
Assetto Corsa Competizione,"3,344","7,091","1,832,888"
Age of Empires III: Definitive Edition,"3,340","5,398","2,086,310"
Songs of Conquest,"3,325","4,167","282,028"
NBA 2K21,"3,294","4,674","1,841,294"